r_m,r_cm,A_Wb_per_m,Btheta_T,region_id,weight
0.000000000000000000e+00,0.000000000000000000e+00,8.016258625808380658e-04,2.094395102226337402e-06,1.000000000000000000e+00,6.000000000000000000e+00
5.000000000000000104e-04,5.000000000000000278e-02,8.016248153832869526e-04,3.490658503999682916e-06,1.000000000000000000e+00,1.000000000000000000e+00
1.000000000000000021e-03,1.000000000000000056e-01,8.016223719223340661e-04,6.422811647441815930e-06,1.000000000000000000e+00,1.000000000000000000e+00
1.500000000000000031e-03,1.499999999999999944e-01,8.016183925716395108e-04,9.514537750656033854e-06,1.000000000000000000e+00,1.000000000000000000e+00
2.000000000000000042e-03,2.000000000000000111e-01,8.016128573845834101e-04,1.263285934725594944e-05,1.000000000000000000e+00,1.000000000000000000e+00
3.000000000000000062e-03,2.999999999999999889e-01,8.015970965325505378e-04,1.889349428004036963e-05,1.000000000000000000e+00,1.000000000000000000e+00
4.000000000000000083e-03,4.000000000000000222e-01,8.015750677922692030e-04,2.516559448448220059e-05,1.000000000000000000e+00,1.000000000000000000e+00
5.000000000000000104e-03,5.000000000000000000e-01,8.015467642795081563e-04,3.144217208827813155e-05,1.000000000000000000e+00,1.000000000000000000e+00
6.000000000000000125e-03,5.999999999999999778e-01,8.015121829110994538e-04,3.772096640001096427e-05,1.000000000000000000e+00,1.000000000000000000e+00
7.000000000000000146e-03,7.000000000000000666e-01,8.014713220383544228e-04,4.400102098845764311e-05,1.000000000000000000e+00,1.000000000000000000e+00
8.000000000000000167e-03,8.000000000000000444e-01,8.014241806758440941e-04,5.028186091386890297e-05,1.000000000000000000e+00,1.000000000000000000e+00
9.000000000000001055e-03,9.000000000000001332e-01,8.013707581874358280e-04,5.656322340597077944e-05,1.000000000000000000e+00,1.000000000000000000e+00
1.000000000000000021e-02,1.000000000000000000e+00,8.013110541385539635e-04,6.284495122736705316e-05,1.000000000000000000e+00,1.000000000000000000e+00
1.099999999999999936e-02,1.099999999999999867e+00,8.012450682191198234e-04,6.912694450113716091e-05,1.000000000000000000e+00,1.000000000000000000e+00
1.200000000000000025e-02,1.199999999999999956e+00,8.011728002001232375e-04,7.540913673055933848e-05,1.000000000000000000e+00,1.000000000000000000e+00
1.300000000000000114e-02,1.300000000000000044e+00,8.010942499076174114e-04,8.169148192594632128e-05,1.000000000000000000e+00,1.000000000000000000e+00
1.400000000000000029e-02,1.400000000000000133e+00,8.010094172063702417e-04,8.797394726123365150e-05,1.000000000000000000e+00,1.000000000000000000e+00
1.499999999999999944e-02,1.500000000000000000e+00,8.009183019891667104e-04,9.425650867862623932e-05,1.000000000000000000e+00,1.000000000000000000e+00
1.600000000000000033e-02,1.600000000000000089e+00,8.008209041695665224e-04,1.005391481433960769e-04,1.000000000000000000e+00,1.000000000000000000e+00
1.700000000000000122e-02,1.700000000000000178e+00,8.007172236768619151e-04,1.068218518692625347e-04,1.000000000000000000e+00,1.000000000000000000e+00
1.800000000000000211e-02,1.800000000000000266e+00,8.006072604524773484e-04,1.131046091369357907e-04,1.000000000000000000e+00,1.000000000000000000e+00
1.899999999999999953e-02,1.899999999999999911e+00,8.004910144473438918e-04,1.193874114860598397e-04,1.000000000000000000e+00,1.000000000000000000e+00
2.000000000000000042e-02,2.000000000000000000e+00,8.003684856199465769e-04,1.256702521501301293e-04,1.000000000000000000e+00,1.000000000000000000e+00
2.100000000000000130e-02,2.100000000000000089e+00,8.002396739348496650e-04,1.319531256519737182e-04,1.000000000000000000e+00,1.000000000000000000e+00
2.199999999999999872e-02,2.199999999999999734e+00,8.001045793615647406e-04,1.382360275118845307e-04,1.000000000000000000e+00,1.000000000000000000e+00
2.299999999999999961e-02,2.299999999999999822e+00,7.999632018736713146e-04,1.445189540282865203e-04,1.000000000000000000e+00,1.000000000000000000e+00
2.400000000000000050e-02,2.399999999999999911e+00,7.998155414481228267e-04,1.508019021177101451e-04,1.000000000000000000e+00,1.000000000000000000e+00
2.500000000000000139e-02,2.500000000000000000e+00,7.996615980646961958e-04,1.570848691904296079e-04,1.000000000000000000e+00,1.000000000000000000e+00
2.600000000000000228e-02,2.600000000000000089e+00,7.995013717055488153e-04,1.633678530557065682e-04,1.000000000000000000e+00,1.000000000000000000e+00
2.699999999999999969e-02,2.700000000000000178e+00,7.993348623548578386e-04,1.696508518464347301e-04,1.000000000000000000e+00,1.000000000000000000e+00
2.800000000000000058e-02,2.800000000000000266e+00,7.991620699985276617e-04,1.759338639629839701e-04,1.000000000000000000e+00,1.000000000000000000e+00
2.900000000000000147e-02,2.900000000000000355e+00,7.989829946239477123e-04,1.822168880264653690e-04,1.000000000000000000e+00,1.000000000000000000e+00
2.999999999999999889e-02,3.000000000000000000e+00,7.987976362197894871e-04,1.884999228415466820e-04,1.000000000000000000e+00,1.000000000000000000e+00
3.099999999999999978e-02,3.100000000000000089e+00,7.986059947758390428e-04,1.947829673676087126e-04,1.000000000000000000e+00,1.000000000000000000e+00
3.200000000000000067e-02,3.200000000000000178e+00,7.984080702828557242e-04,2.010660206944656612e-04,1.000000000000000000e+00,1.000000000000000000e+00
3.300000000000000155e-02,3.300000000000000266e+00,7.982038627324516012e-04,2.073490820214336273e-04,1.000000000000000000e+00,1.000000000000000000e+00
3.400000000000000244e-02,3.400000000000000355e+00,7.979933721169904211e-04,2.136321506426969695e-04,1.000000000000000000e+00,1.000000000000000000e+00
3.500000000000000333e-02,3.500000000000000444e+00,7.977765984295002218e-04,2.199152259326710341e-04,1.000000000000000000e+00,1.000000000000000000e+00
3.600000000000000422e-02,3.600000000000000533e+00,7.975535416635977631e-04,2.261983073357037529e-04,1.000000000000000000e+00,1.000000000000000000e+00
3.699999999999999817e-02,3.699999999999999734e+00,7.973242018134249921e-04,2.324813943562016507e-04,1.000000000000000000e+00,1.000000000000000000e+00
3.799999999999999906e-02,3.799999999999999822e+00,7.970885788735925567e-04,2.387644865507307281e-04,1.000000000000000000e+00,1.000000000000000000e+00
3.899999999999999994e-02,3.899999999999999911e+00,7.968466728391305825e-04,2.450475835207366945e-04,1.000000000000000000e+00,1.000000000000000000e+00
4.000000000000000083e-02,4.000000000000000000e+00,7.965984837054471482e-04,2.513306849082159924e-04,1.000000000000000000e+00,1.000000000000000000e+00
4.100000000000000172e-02,4.100000000000000533e+00,7.963440114682913138e-04,2.576137903892090127e-04,1.000000000000000000e+00,1.000000000000000000e+00
4.200000000000000261e-02,4.200000000000000178e+00,7.960832561237186434e-04,2.638968996723906318e-04,1.000000000000000000e+00,1.000000000000000000e+00
4.300000000000000350e-02,4.300000000000000711e+00,7.958162176680629073e-04,2.701800124916976364e-04,1.000000000000000000e+00,1.000000000000000000e+00
4.399999999999999745e-02,4.399999999999999467e+00,7.955428960979119045e-04,2.764631286053548394e-04,1.000000000000000000e+00,1.000000000000000000e+00
4.499999999999999833e-02,4.500000000000000000e+00,7.952632914100831764e-04,2.827462477956486984e-04,1.000000000000000000e+00,1.000000000000000000e+00
4.599999999999999922e-02,4.599999999999999645e+00,7.949774036016024311e-04,2.890293698609234098e-04,1.000000000000000000e+00,1.000000000000000000e+00
4.700000000000000011e-02,4.700000000000000178e+00,7.946852326696884732e-04,2.953124946177300143e-04,1.000000000000000000e+00,1.000000000000000000e+00
4.800000000000000100e-02,4.799999999999999822e+00,7.943867786117363985e-04,3.015956218972582338e-04,1.000000000000000000e+00,1.000000000000000000e+00
4.850000000000000144e-02,4.850000000000000533e+00,7.942351954097263923e-04,3.047371864341996413e-04,1.000000000000000000e+00,1.000000000000000000e+00
4.900000000000000189e-02,4.900000000000000355e+00,7.940820414253021986e-04,3.078787515453345193e-04,1.000000000000000000e+00,1.000000000000000000e+00
4.950000000000000233e-02,4.950000000000000178e+00,7.939273166581810575e-04,3.110203172128819522e-04,1.000000000000000000e+00,6.000000000000000000e+00
5.000000000000000278e-02,5.000000000000000000e+00,7.937710211080893164e-04,3.125936920622335367e-04,1.000000000000000000e+00,6.000000000000000000e+00
5.050000000000000322e-02,5.050000000000000711e+00,7.936147229661188237e-04,3.110564007687300898e-04,2.000000000000000000e+00,6.000000000000000000e+00
5.100000000000000366e-02,5.100000000000000533e+00,7.934599647073205860e-04,3.080066809253145517e-04,2.000000000000000000e+00,2.000000000000000000e+00
5.150000000000000411e-02,5.150000000000000355e+00,7.933067162851935089e-04,3.050161831708288955e-04,2.000000000000000000e+00,2.000000000000000000e+00
5.200000000000000455e-02,5.200000000000000178e+00,7.931549485241497568e-04,3.020831990154802848e-04,2.000000000000000000e+00,2.000000000000000000e+00
5.299999999999999850e-02,5.299999999999999822e+00,7.928557424390876096e-04,2.963832599357218707e-04,2.000000000000000000e+00,2.000000000000000000e+00
5.399999999999999939e-02,5.400000000000000355e+00,7.925621292377023732e-04,2.908944435450665981e-04,2.000000000000000000e+00,2.000000000000000000e+00
5.500000000000000028e-02,5.500000000000000000e+00,7.922739036633545629e-04,2.856052330806000956e-04,2.000000000000000000e+00,5.000000000000000000e+00
5.550000000000000072e-02,5.549999999999999822e+00,7.921317501496166411e-04,2.830321080701193241e-04,2.000000000000000000e+00,5.000000000000000000e+00
5.600000000000000117e-02,5.600000000000000533e+00,7.919908715552844434e-04,2.805049344926184292e-04,2.000000000000000000e+00,5.000000000000000000e+00
5.650000000000000161e-02,5.650000000000000355e+00,7.918512452151240224e-04,2.780224923016810855e-04,2.000000000000000000e+00,5.000000000000000000e+00
5.700000000000000205e-02,5.700000000000000178e+00,7.917128490629827620e-04,2.755836042638663548e-04,2.000000000000000000e+00,5.000000000000000000e+00
5.750000000000000250e-02,5.750000000000000000e+00,7.915756616108601557e-04,2.731871340969167696e-04,2.000000000000000000e+00,5.000000000000000000e+00
5.800000000000000294e-02,5.800000000000000711e+00,7.914396619288858450e-04,2.708319847043517189e-04,2.000000000000000000e+00,5.000000000000000000e+00
5.850000000000000339e-02,5.850000000000000533e+00,7.913048296261558038e-04,2.685170965005922571e-04,2.000000000000000000e+00,5.000000000000000000e+00
5.900000000000000383e-02,5.900000000000000355e+00,7.911711448323852525e-04,2.662414458215205029e-04,2.000000000000000000e+00,5.000000000000000000e+00
5.950000000000000427e-02,5.950000000000000178e+00,7.910385881803342831e-04,2.640040434152720575e-04,2.000000000000000000e+00,5.000000000000000000e+00
5.999999999999999778e-02,6.000000000000000000e+00,7.909071407889699820e-04,2.618039330077209553e-04,2.000000000000000000e+00,5.000000000000000000e+00
6.049999999999999822e-02,6.049999999999999822e+00,7.907767842473265637e-04,2.596401899398633178e-04,2.000000000000000000e+00,5.000000000000000000e+00
6.099999999999999867e-02,6.099999999999999645e+00,7.906475005990301185e-04,2.575119198720873370e-04,2.000000000000000000e+00,5.000000000000000000e+00
6.149999999999999911e-02,6.150000000000000355e+00,7.905192723274544761e-04,2.554182575515348812e-04,2.000000000000000000e+00,5.000000000000000000e+00
6.199999999999999956e-02,6.200000000000000178e+00,7.903920823414785834e-04,2.533583656385682194e-04,2.000000000000000000e+00,5.000000000000000000e+00
6.250000000000000000e-02,6.250000000000000000e+00,7.902659139618159077e-04,2.513314335913410368e-04,2.000000000000000000e+00,5.000000000000000000e+00
6.300000000000000044e-02,6.299999999999999822e+00,7.901407509078872422e-04,2.493366766007866411e-04,2.000000000000000000e+00,5.000000000000000000e+00
6.350000000000000089e-02,6.349999999999999645e+00,7.900165772852151208e-04,2.473733345784068140e-04,2.000000000000000000e+00,5.000000000000000000e+00
6.400000000000000133e-02,6.400000000000000355e+00,7.898933775733088351e-04,2.454406711908981974e-04,2.000000000000000000e+00,5.000000000000000000e+00
6.450000000000000178e-02,6.450000000000000178e+00,7.897711366140242224e-04,2.435379729373878237e-04,2.000000000000000000e+00,5.000000000000000000e+00
6.500000000000000222e-02,6.500000000000000000e+00,7.896498396003714471e-04,2.416645482735061811e-04,2.000000000000000000e+00,5.000000000000000000e+00
6.550000000000000266e-02,6.550000000000000711e+00,7.895294720657507160e-04,2.398197267731905138e-04,2.000000000000000000e+00,2.000000000000000000e+00
6.600000000000000311e-02,6.600000000000000533e+00,7.894100198735982564e-04,2.380028583261583740e-04,2.000000000000000000e+00,2.000000000000000000e+00
6.650000000000000355e-02,6.650000000000000355e+00,7.892914692074245574e-04,2.362133123762555961e-04,2.000000000000000000e+00,2.000000000000000000e+00
6.700000000000000400e-02,6.700000000000000178e+00,7.891738065612220005e-04,2.344504771915713933e-04,2.000000000000000000e+00,2.000000000000000000e+00
6.750000000000000444e-02,6.750000000000000000e+00,7.890570187302329858e-04,2.327137591663205798e-04,2.000000000000000000e+00,2.000000000000000000e+00
6.800000000000000488e-02,6.800000000000000711e+00,7.889410928020556798e-04,2.310025821556855371e-04,2.000000000000000000e+00,2.000000000000000000e+00
6.850000000000000533e-02,6.850000000000000533e+00,7.888260161480773001e-04,2.293163868367874541e-04,2.000000000000000000e+00,2.000000000000000000e+00
6.900000000000000577e-02,6.900000000000000355e+00,7.887117764152188921e-04,2.276546301003405149e-04,2.000000000000000000e+00,2.000000000000000000e+00
6.950000000000000622e-02,6.950000000000001066e+00,7.885983615179769594e-04,2.260167844677847028e-04,2.000000000000000000e+00,2.000000000000000000e+00
7.000000000000000666e-02,7.000000000000000888e+00,7.884857596307511072e-04,2.244023375319460615e-04,2.000000000000000000e+00,2.000000000000000000e+00
7.050000000000000711e-02,7.050000000000000711e+00,7.883739591804450131e-04,2.228107914226333368e-04,2.000000000000000000e+00,2.000000000000000000e+00
7.100000000000000755e-02,7.100000000000000533e+00,7.882629488393284737e-04,2.212416622953282581e-04,2.000000000000000000e+00,2.000000000000000000e+00
7.150000000000000799e-02,7.150000000000000355e+00,7.881527175181496847e-04,2.196944798405840564e-04,2.000000000000000000e+00,2.000000000000000000e+00
7.200000000000000844e-02,7.200000000000001066e+00,7.880432543594878894e-04,2.181687868137015967e-04,2.000000000000000000e+00,2.000000000000000000e+00
7.249999999999999500e-02,7.249999999999999112e+00,7.879345487313359859e-04,2.166641385846648869e-04,2.000000000000000000e+00,2.000000000000000000e+00
7.299999999999999545e-02,7.299999999999999822e+00,7.878265902209032273e-04,2.151801027054513042e-04,2.000000000000000000e+00,2.000000000000000000e+00
7.349999999999999589e-02,7.349999999999999645e+00,7.877193686286305344e-04,2.137162584959745152e-04,2.000000000000000000e+00,2.000000000000000000e+00
7.399999999999999634e-02,7.399999999999999467e+00,7.876128739624072526e-04,2.122721966470347322e-04,2.000000000000000000e+00,2.000000000000000000e+00
7.449999999999999678e-02,7.449999999999999289e+00,7.875070964319834995e-04,2.108475188379326144e-04,2.000000000000000000e+00,2.000000000000000000e+00
7.499999999999999722e-02,7.500000000000000000e+00,7.874020264435693198e-04,2.094418373704396059e-04,2.000000000000000000e+00,2.000000000000000000e+00
7.549999999999999767e-02,7.549999999999999822e+00,7.872976545946130597e-04,2.080547748168659107e-04,2.000000000000000000e+00,2.000000000000000000e+00
7.599999999999999811e-02,7.599999999999999645e+00,7.871939716687524537e-04,2.066859636830904571e-04,2.000000000000000000e+00,2.000000000000000000e+00
7.649999999999999856e-02,7.649999999999999467e+00,7.870909686309299691e-04,2.053350460824328848e-04,2.000000000000000000e+00,2.000000000000000000e+00
7.699999999999999900e-02,7.700000000000000178e+00,7.869886366226700207e-04,2.040016734244875206e-04,2.000000000000000000e+00,2.000000000000000000e+00
7.749999999999999944e-02,7.750000000000000000e+00,7.868869669575054814e-04,2.026855061159919997e-04,2.000000000000000000e+00,2.000000000000000000e+00
7.799999999999999989e-02,7.799999999999999822e+00,7.867859511165540285e-04,2.013862132705863440e-04,2.000000000000000000e+00,2.000000000000000000e+00
7.850000000000000033e-02,7.849999999999999645e+00,7.866855807442348948e-04,2.001034724329919291e-04,2.000000000000000000e+00,2.000000000000000000e+00
7.900000000000000078e-02,7.900000000000000355e+00,7.865858476441210364e-04,1.988369693121893299e-04,2.000000000000000000e+00,2.000000000000000000e+00
7.950000000000000122e-02,7.950000000000000178e+00,7.864867437749227053e-04,1.975863975238119114e-04,2.000000000000000000e+00,2.000000000000000000e+00
8.000000000000000167e-02,8.000000000000000000e+00,7.863882612465972243e-04,1.963514583435981464e-04,2.000000000000000000e+00,2.000000000000000000e+00
8.050000000000000211e-02,8.050000000000000711e+00,7.862903923165791070e-04,1.951318604696262418e-04,2.000000000000000000e+00,2.000000000000000000e+00
8.100000000000000255e-02,8.099999999999999645e+00,7.861931293861275979e-04,1.939273197927884299e-04,2.000000000000000000e+00,2.000000000000000000e+00
8.150000000000000300e-02,8.150000000000000355e+00,7.860964649967863184e-04,1.927375591758305928e-04,2.000000000000000000e+00,2.000000000000000000e+00
8.200000000000000344e-02,8.200000000000001066e+00,7.860003918269517671e-04,1.915623082416075787e-04,2.000000000000000000e+00,2.000000000000000000e+00
8.250000000000000389e-02,8.250000000000000000e+00,7.859049026885447107e-04,1.904013031680605703e-04,2.000000000000000000e+00,2.000000000000000000e+00
8.300000000000000433e-02,8.300000000000000711e+00,7.858099905237837064e-04,1.892542864903501887e-04,2.000000000000000000e+00,2.000000000000000000e+00
8.350000000000000477e-02,8.349999999999999645e+00,7.857156484020543603e-04,1.881210069112295336e-04,2.000000000000000000e+00,2.000000000000000000e+00
8.400000000000000522e-02,8.400000000000000355e+00,7.856218695168724767e-04,1.870012191165129731e-04,2.000000000000000000e+00,2.000000000000000000e+00
8.450000000000000566e-02,8.450000000000001066e+00,7.855286471829378472e-04,1.858946835984596102e-04,2.000000000000000000e+00,2.000000000000000000e+00
8.500000000000000611e-02,8.500000000000000000e+00,7.854359748332740169e-04,1.848011664849030203e-04,2.000000000000000000e+00,2.000000000000000000e+00
8.550000000000000655e-02,8.550000000000000711e+00,7.853438460164529440e-04,1.837204393751030421e-04,2.000000000000000000e+00,2.000000000000000000e+00
8.600000000000000699e-02,8.600000000000001421e+00,7.852522543938989137e-04,1.826522791801512180e-04,2.000000000000000000e+00,2.000000000000000000e+00
8.650000000000000744e-02,8.650000000000000355e+00,7.851611937372727926e-04,1.815964679692309261e-04,2.000000000000000000e+00,2.000000000000000000e+00
8.700000000000000788e-02,8.700000000000001066e+00,7.850706579259296826e-04,1.805527928217322037e-04,2.000000000000000000e+00,2.000000000000000000e+00
8.750000000000000833e-02,8.750000000000000000e+00,7.849806409444510602e-04,1.795210456841395542e-04,2.000000000000000000e+00,2.000000000000000000e+00
8.799999999999999489e-02,8.799999999999998934e+00,7.848911368802455454e-04,1.785010232313525148e-04,2.000000000000000000e+00,2.000000000000000000e+00
8.849999999999999534e-02,8.849999999999999645e+00,7.848021399212197101e-04,1.774925267331244169e-04,2.000000000000000000e+00,2.000000000000000000e+00
8.899999999999999578e-02,8.900000000000000355e+00,7.847136443535124208e-04,1.764953619260181098e-04,2.000000000000000000e+00,2.000000000000000000e+00
8.949999999999999623e-02,8.949999999999999289e+00,7.846256445592936918e-04,1.755093388873007793e-04,2.000000000000000000e+00,2.000000000000000000e+00
8.999999999999999667e-02,9.000000000000000000e+00,7.845381350146251199e-04,1.745342719151495828e-04,2.000000000000000000e+00,2.000000000000000000e+00
9.049999999999999711e-02,9.049999999999998934e+00,7.844511102873785420e-04,1.735699794118805814e-04,2.000000000000000000e+00,2.000000000000000000e+00
9.099999999999999756e-02,9.099999999999999645e+00,7.843645650352132391e-04,1.726162837706496128e-04,2.000000000000000000e+00,2.000000000000000000e+00
9.149999999999999800e-02,9.150000000000000355e+00,7.842784940036078923e-04,1.716730112673573350e-04,2.000000000000000000e+00,2.000000000000000000e+00
9.199999999999999845e-02,9.199999999999999289e+00,7.841928920239458816e-04,1.707399919547226736e-04,2.000000000000000000e+00,2.000000000000000000e+00
9.249999999999999889e-02,9.250000000000000000e+00,7.841077540116531694e-04,1.698170595595004562e-04,2.000000000000000000e+00,2.000000000000000000e+00
9.299999999999999933e-02,9.300000000000000711e+00,7.840230749643863810e-04,1.689040513847947966e-04,2.000000000000000000e+00,2.000000000000000000e+00
9.349999999999999978e-02,9.349999999999999645e+00,7.839388499602683745e-04,1.680008082139987824e-04,2.000000000000000000e+00,2.000000000000000000e+00
9.400000000000000022e-02,9.400000000000000355e+00,7.838550741561723821e-04,1.671071742179867957e-04,2.000000000000000000e+00,2.000000000000000000e+00
9.450000000000000067e-02,9.449999999999999289e+00,7.837717427860503875e-04,1.662229968659929868e-04,2.000000000000000000e+00,2.000000000000000000e+00
9.500000000000000111e-02,9.500000000000000000e+00,7.836888511593063890e-04,1.653481268383331611e-04,2.000000000000000000e+00,2.000000000000000000e+00
9.600000000000000200e-02,9.599999999999999645e+00,7.835243687413636846e-04,1.636257270327608237e-04,2.000000000000000000e+00,2.000000000000000000e+00
9.700000000000000289e-02,9.700000000000001066e+00,7.833615908274354752e-04,1.619388413399978942e-04,2.000000000000000000e+00,2.000000000000000000e+00
9.800000000000000377e-02,9.800000000000000711e+00,7.832004824526401848e-04,1.602863825652570508e-04,2.000000000000000000e+00,2.000000000000000000e+00
9.850000000000000422e-02,9.849999999999999645e+00,7.831205437082740381e-04,1.594727355963379588e-04,2.000000000000000000e+00,1.800000000000000000e+01
9.900000000000000466e-02,9.900000000000000355e+00,7.830410097170438467e-04,1.586673074415030323e-04,2.000000000000000000e+00,1.800000000000000000e+01
9.950000000000000511e-02,9.950000000000001066e+00,7.829618764008325349e-04,1.578699741958511751e-04,2.000000000000000000e+00,1.800000000000000000e+01
1.000000000000000056e-01,1.000000000000000000e+01,7.828831397428479954e-04,7.842269310658256387e-02,3.000000000000000000e+00,1.800000000000000000e+01
1.005000000000000060e-01,1.005000000000000071e+01,7.045391832942499068e-04,1.562991091431084056e-01,3.000000000000000000e+00,1.800000000000000000e+01
1.010000000000000064e-01,1.010000000000000142e+01,6.265840305997394475e-04,1.555253416720107362e-01,3.000000000000000000e+00,1.800000000000000000e+01
1.015000000000000069e-01,1.015000000000000036e+01,5.490138416222390197e-04,1.547591976651851720e-01,3.000000000000000000e+00,1.800000000000000000e+01
1.020000000000000073e-01,1.020000000000000107e+01,4.718248329345541480e-04,1.540005650101485546e-01,3.000000000000000000e+00,6.000000000000000000e+00
1.025000000000000078e-01,1.025000000000000000e+01,3.950132766120903233e-04,1.532493337820444446e-01,3.000000000000000000e+00,6.000000000000000000e+00
1.030000000000000082e-01,1.030000000000000071e+01,3.185754991525095595e-04,1.525053961905435962e-01,3.000000000000000000e+00,6.000000000000000000e+00
1.035000000000000087e-01,1.035000000000000142e+01,2.425078804215465814e-04,1.517686465282826747e-01,3.000000000000000000e+00,6.000000000000000000e+00
1.040000000000000091e-01,1.040000000000000036e+01,1.668068526242267571e-04,1.510389811207914212e-01,3.000000000000000000e+00,6.000000000000000000e+00
1.044999999999999957e-01,1.044999999999999929e+01,9.146889930075709815e-05,1.503162982778575851e-01,3.000000000000000000e+00,6.000000000000000000e+00
1.049999999999999961e-01,1.050000000000000000e+01,1.649055434637112697e-05,7.505296710767779544e-02,3.000000000000000000e+00,6.000000000000000000e+00
1.054999999999999966e-01,1.054999999999999893e+01,1.641593219307922979e-05,1.488914831639711342e-04,4.000000000000000000e+00,6.000000000000000000e+00
1.059999999999999970e-01,1.059999999999999964e+01,1.634166286320715570e-05,1.481891570153405491e-04,4.000000000000000000e+00,1.000000000000000000e+00
1.064999999999999974e-01,1.065000000000000036e+01,1.626774303606388911e-05,1.474934255879627447e-04,4.000000000000000000e+00,1.000000000000000000e+00
1.069999999999999979e-01,1.069999999999999929e+01,1.619416943761919282e-05,1.468041964304514122e-04,4.000000000000000000e+00,1.000000000000000000e+00
1.089999999999999997e-01,1.090000000000000036e+01,1.590327343518131687e-05,1.441105128451185594e-04,4.000000000000000000e+00,1.000000000000000000e+00
1.130000000000000032e-01,1.130000000000000071e+01,1.533716039446649619e-05,1.390092048988024031e-04,4.000000000000000000e+00,1.000000000000000000e+00
1.170000000000000068e-01,1.170000000000000107e+01,1.479074222196433882e-05,1.342567092843421938e-04,4.000000000000000000e+00,1.000000000000000000e+00
1.209999999999999964e-01,1.209999999999999964e+01,1.426269451155491832e-05,1.298184324207948056e-04,4.000000000000000000e+00,1.000000000000000000e+00
1.250000000000000000e-01,1.250000000000000000e+01,1.375182211468971749e-05,1.256642088003529520e-04,4.000000000000000000e+00,1.000000000000000000e+00
1.290000000000000036e-01,1.290000000000000036e+01,1.325704284888483251e-05,1.217676144486527941e-04,4.000000000000000000e+00,1.000000000000000000e+00
1.330000000000000071e-01,1.330000000000000071e+01,1.277737369470645377e-05,1.181054042751817262e-04,4.000000000000000000e+00,1.000000000000000000e+00
1.370000000000000107e-01,1.370000000000000107e+01,1.231191903860505813e-05,1.146570479926137454e-04,4.000000000000000000e+00,1.000000000000000000e+00
1.410000000000000142e-01,1.410000000000000142e+01,1.185986060817303781e-05,1.114043450304917052e-04,4.000000000000000000e+00,1.000000000000000000e+00
1.449999999999999900e-01,1.449999999999999822e+01,1.142044881564305439e-05,1.083311031888333496e-04,4.000000000000000000e+00,1.000000000000000000e+00
1.489999999999999936e-01,1.489999999999999858e+01,1.099299527960346434e-05,1.054228690532940850e-04,4.000000000000000000e+00,1.000000000000000000e+00
1.529999999999999971e-01,1.529999999999999893e+01,1.057686633758221029e-05,1.026667006990204085e-04,4.000000000000000000e+00,1.000000000000000000e+00
1.570000000000000007e-01,1.569999999999999929e+01,1.017147739601068754e-05,1.000509751410688376e-04,4.000000000000000000e+00,1.000000000000000000e+00
1.610000000000000042e-01,1.610000000000000142e+01,9.776287991120814909e-06,9.756522448843361190e-05,4.000000000000000000e+00,1.000000000000000000e+00
1.650000000000000078e-01,1.650000000000000000e+01,9.390797456058600312e-06,9.519999593056602488e-05,4.000000000000000000e+00,1.000000000000000000e+00
1.690000000000000113e-01,1.690000000000000213e+01,9.014541107062601643e-06,9.294673160786188549e-05,4.000000000000000000e+00,1.000000000000000000e+00
1.730000000000000149e-01,1.730000000000000071e+01,8.647086875831017785e-06,9.079766514777449691e-05,4.000000000000000000e+00,1.000000000000000000e+00
1.769999999999999907e-01,1.769999999999999929e+01,8.288032326866360381e-06,8.874573222999390134e-05,4.000000000000000000e+00,1.000000000000000000e+00
1.809999999999999942e-01,1.809999999999999787e+01,7.937002008164790331e-06,8.678449301082937363e-05,4.000000000000000000e+00,1.000000000000000000e+00
1.849999999999999978e-01,1.850000000000000000e+01,7.593645091519241156e-06,8.490806461133605090e-05,4.000000000000000000e+00,1.000000000000000000e+00
1.890000000000000013e-01,1.889999999999999858e+01,7.257633265257334166e-06,8.311106217859576587e-05,4.000000000000000000e+00,1.000000000000000000e+00
1.930000000000000049e-01,1.930000000000000071e+01,6.928658847684793684e-06,8.138854727633747579e-05,4.000000000000000000e+00,1.000000000000000000e+00
1.970000000000000084e-01,1.969999999999999929e+01,6.606433094064370221e-06,7.973598256288776370e-05,4.000000000000000000e+00,1.000000000000000000e+00
2.010000000000000120e-01,2.010000000000000142e+01,6.290684673783388966e-06,7.814919188090103366e-05,4.000000000000000000e+00,1.000000000000000000e+00
2.050000000000000155e-01,2.050000000000000000e+01,5.981158297584140424e-06,7.662432501958193055e-05,4.000000000000000000e+00,1.000000000000000000e+00
2.089999999999999913e-01,2.089999999999999858e+01,5.677613477454646777e-06,7.515782652328571137e-05,4.000000000000000000e+00,1.000000000000000000e+00
2.129999999999999949e-01,2.130000000000000071e+01,5.379823404087176122e-06,7.374640801476755637e-05,4.000000000000000000e+00,1.000000000000000000e+00
2.169999999999999984e-01,2.169999999999999929e+01,5.087573928778045161e-06,7.238702357944455938e-05,4.000000000000000000e+00,1.000000000000000000e+00
2.210000000000000020e-01,2.210000000000000142e+01,4.800662638320429853e-06,7.107684782289882251e-05,4.000000000000000000e+00,1.000000000000000000e+00
2.250000000000000056e-01,2.250000000000000000e+01,4.518898012880294277e-06,6.981325626894853008e-05,4.000000000000000000e+00,1.000000000000000000e+00
2.290000000000000091e-01,2.290000000000000213e+01,4.242098658080175491e-06,6.859380781204932060e-05,4.000000000000000000e+00,1.000000000000000000e+00
2.330000000000000127e-01,2.330000000000000071e+01,3.970092603579408509e-06,6.741622897722902971e-05,4.000000000000000000e+00,1.000000000000000000e+00
2.370000000000000162e-01,2.370000000000000284e+01,3.702716661358592155e-06,6.627839977393839102e-05,4.000000000000000000e+00,1.000000000000000000e+00
2.409999999999999920e-01,2.409999999999999787e+01,3.439815837711865799e-06,6.517834095866930299e-05,4.000000000000000000e+00,1.000000000000000000e+00
2.449999999999999956e-01,2.450000000000000000e+01,3.181242793641550633e-06,6.411420254533415914e-05,4.000000000000000000e+00,1.000000000000000000e+00
2.489999999999999991e-01,2.489999999999999858e+01,2.926857348951472275e-06,6.308425342306984995e-05,4.000000000000000000e+00,1.000000000000000000e+00
2.530000000000000027e-01,2.530000000000000071e+01,2.676526025859902745e-06,6.208687195892903955e-05,4.000000000000000000e+00,1.000000000000000000e+00
2.570000000000000062e-01,2.569999999999999929e+01,2.430121628412038258e-06,6.112053747816189610e-05,4.000000000000000000e+00,1.000000000000000000e+00
2.610000000000000098e-01,2.610000000000000142e+01,2.187522854374280480e-06,6.018382252788511360e-05,4.000000000000000000e+00,1.000000000000000000e+00
2.650000000000000133e-01,2.650000000000000000e+01,1.948613936645759298e-06,5.927538584145854617e-05,4.000000000000000000e+00,1.000000000000000000e+00
2.690000000000000169e-01,2.690000000000000213e+01,1.713284311533488582e-06,5.839396593053654641e-05,4.000000000000000000e+00,1.000000000000000000e+00
2.730000000000000204e-01,2.730000000000000071e+01,1.481428311511777319e-06,5.753837524047138944e-05,4.000000000000000000e+00,1.000000000000000000e+00
2.770000000000000240e-01,2.770000000000000284e+01,1.252944880328872892e-06,5.670749481211512770e-05,4.000000000000000000e+00,1.000000000000000000e+00
2.810000000000000275e-01,2.810000000000000142e+01,1.027737308538165922e-06,5.590026939956422431e-05,4.000000000000000000e+00,1.000000000000000000e+00
2.850000000000000311e-01,2.850000000000000355e+01,8.057129877216765864e-07,5.511570299901962346e-05,4.000000000000000000e+00,1.000000000000000000e+00
2.889999999999999791e-01,2.889999999999999858e+01,5.867831818425515232e-07,5.435285474897394209e-05,4.000000000000000000e+00,1.000000000000000000e+00
2.929999999999999827e-01,2.929999999999999716e+01,3.708628143136470001e-07,5.361083516621775518e-05,4.000000000000000000e+00,1.000000000000000000e+00
2.969999999999999862e-01,2.969999999999999929e+01,1.578702695035262197e-07,5.288880268599988125e-05,4.000000000000000000e+00,1.000000000000000000e+00
2.979999999999999871e-01,2.979999999999999716e+01,1.050703556871823101e-07,5.271132323211618671e-05,4.000000000000000000e+00,1.000000000000000000e+00
2.984999999999999876e-01,2.984999999999999787e+01,7.873680452550009011e-08,5.262302943439086571e-05,4.000000000000000000e+00,1.000000000000000000e+00
2.989999999999999880e-01,2.989999999999999858e+01,5.244732625279139576e-08,5.253503093426828744e-05,4.000000000000000000e+00,1.000000000000000000e+00
2.994999999999999885e-01,2.994999999999999929e+01,2.620177359123176235e-08,5.244732625279135160e-05,4.000000000000000000e+00,1.000000000000000000e+00
2.999999999999999889e-01,3.000000000000000000e+01,0.000000000000000000e+00,5.240354718246347616e-05,4.000000000000000000e+00,6.000000000000000000e+00
